,subj.id,condition,trial,block,first_food_hidden,locations,left,middle,right
1,subj.01,preference_test,1,1,Dry_food_first,S-D-E,S,D,E
2,subj.01,preference_test,2,1,Sausage_first,D-E-S,D,E,S
3,subj.01,preference_test,3,1,Dry_food_first,D-S-E,D,S,E
4,subj.01,preference_test,4,1,Sausage_first,E-D-S,E,D,S
5,subj.01,preference_test,5,1,Dry_food_first,S-E-D,S,E,D
6,subj.01,preference_test,6,1,Sausage_first,E-S-D,E,S,D
7,subj.01,preference_test,7,2,Dry_food_first,D-S-E,D,S,E
8,subj.01,preference_test,8,2,Sausage_first,S-E-D,S,E,D
9,subj.01,preference_test,9,2,Sausage_first,E-D-S,E,D,S
10,subj.01,preference_test,10,2,Dry_food_first,D-E-S,D,E,S
11,subj.01,preference_test,11,2,Dry_food_first,S-D-E,S,D,E
12,subj.01,preference_test,12,2,Sausage_first,E-S-D,E,S,D
13,subj.01,preference_test,13,3,Dry_food_first,E-S-D,E,S,D
14,subj.01,preference_test,14,3,Sausage_first,S-E-D,S,E,D
15,subj.01,preference_test,15,3,Sausage_first,E-D-S,E,D,S
16,subj.01,preference_test,16,3,Dry_food_first,D-E-S,D,E,S
17,subj.01,preference_test,17,3,Sausage_first,D-S-E,D,S,E
18,subj.01,preference_test,18,3,Dry_food_first,S-D-E,S,D,E
19,subj.01,preference_test,19,4,Dry_food_first,S-D-E,S,D,E
20,subj.01,preference_test,20,4,Sausage_first,E-S-D,E,S,D
21,subj.01,preference_test,21,4,Dry_food_first,E-D-S,E,D,S
22,subj.01,preference_test,22,4,Sausage_first,D-E-S,D,E,S
23,subj.01,preference_test,23,4,Dry_food_first,D-S-E,D,S,E
24,subj.01,preference_test,24,4,Sausage_first,S-E-D,S,E,D
25,subj.02,preference_test,1,1,Sausage_first,E-S-D,E,S,D
26,subj.02,preference_test,2,1,Dry_food_first,E-D-S,E,D,S
27,subj.02,preference_test,3,1,Dry_food_first,S-E-D,S,E,D
28,subj.02,preference_test,4,1,Sausage_first,D-E-S,D,E,S
29,subj.02,preference_test,5,1,Sausage_first,D-S-E,D,S,E
30,subj.02,preference_test,6,1,Dry_food_first,S-D-E,S,D,E
31,subj.02,preference_test,7,2,Sausage_first,D-E-S,D,E,S
32,subj.02,preference_test,8,2,Dry_food_first,S-D-E,S,D,E
33,subj.02,preference_test,9,2,Sausage_first,E-D-S,E,D,S
34,subj.02,preference_test,10,2,Dry_food_first,D-S-E,D,S,E
35,subj.02,preference_test,11,2,Dry_food_first,S-E-D,S,E,D
36,subj.02,preference_test,12,2,Sausage_first,E-S-D,E,S,D
37,subj.02,preference_test,13,3,Sausage_first,S-E-D,S,E,D
38,subj.02,preference_test,14,3,Dry_food_first,D-E-S,D,E,S
39,subj.02,preference_test,15,3,Sausage_first,E-S-D,E,S,D
40,subj.02,preference_test,16,3,Dry_food_first,E-D-S,E,D,S
41,subj.02,preference_test,17,3,Sausage_first,D-S-E,D,S,E
42,subj.02,preference_test,18,3,Dry_food_first,S-D-E,S,D,E
43,subj.02,preference_test,19,4,Sausage_first,E-D-S,E,D,S
44,subj.02,preference_test,20,4,Dry_food_first,S-D-E,S,D,E
45,subj.02,preference_test,21,4,Dry_food_first,D-E-S,D,E,S
46,subj.02,preference_test,22,4,Sausage_first,E-S-D,E,S,D
47,subj.02,preference_test,23,4,Dry_food_first,D-S-E,D,S,E
48,subj.02,preference_test,24,4,Sausage_first,S-E-D,S,E,D
49,subj.03,preference_test,1,1,Dry_food_first,E-D-S,E,D,S
50,subj.03,preference_test,2,1,Sausage_first,S-E-D,S,E,D
51,subj.03,preference_test,3,1,Sausage_first,D-S-E,D,S,E
52,subj.03,preference_test,4,1,Dry_food_first,D-E-S,D,E,S
53,subj.03,preference_test,5,1,Dry_food_first,E-S-D,E,S,D
54,subj.03,preference_test,6,1,Sausage_first,S-D-E,S,D,E
55,subj.03,preference_test,7,2,Dry_food_first,E-D-S,E,D,S
56,subj.03,preference_test,8,2,Sausage_first,S-E-D,S,E,D
57,subj.03,preference_test,9,2,Sausage_first,S-D-E,S,D,E
58,subj.03,preference_test,10,2,Dry_food_first,E-S-D,E,S,D
59,subj.03,preference_test,11,2,Sausage_first,D-S-E,D,S,E
60,subj.03,preference_test,12,2,Dry_food_first,D-E-S,D,E,S
61,subj.03,preference_test,13,3,Dry_food_first,E-D-S,E,D,S
62,subj.03,preference_test,14,3,Sausage_first,S-D-E,S,D,E
63,subj.03,preference_test,15,3,Sausage_first,D-S-E,D,S,E
64,subj.03,preference_test,16,3,Dry_food_first,D-E-S,D,E,S
65,subj.03,preference_test,17,3,Dry_food_first,S-E-D,S,E,D
66,subj.03,preference_test,18,3,Sausage_first,E-S-D,E,S,D
67,subj.03,preference_test,19,4,Dry_food_first,D-E-S,D,E,S
68,subj.03,preference_test,20,4,Sausage_first,D-S-E,D,S,E
69,subj.03,preference_test,21,4,Sausage_first,S-D-E,S,D,E
70,subj.03,preference_test,22,4,Dry_food_first,E-D-S,E,D,S
71,subj.03,preference_test,23,4,Sausage_first,S-E-D,S,E,D
72,subj.03,preference_test,24,4,Dry_food_first,E-S-D,E,S,D
73,subj.04,preference_test,1,1,Sausage_first,S-D-E,S,D,E
74,subj.04,preference_test,2,1,Dry_food_first,D-E-S,D,E,S
75,subj.04,preference_test,3,1,Dry_food_first,D-S-E,D,S,E
76,subj.04,preference_test,4,1,Sausage_first,E-D-S,E,D,S
77,subj.04,preference_test,5,1,Dry_food_first,E-S-D,E,S,D
78,subj.04,preference_test,6,1,Sausage_first,S-E-D,S,E,D
79,subj.04,preference_test,7,2,Sausage_first,E-D-S,E,D,S
80,subj.04,preference_test,8,2,Dry_food_first,E-S-D,E,S,D
81,subj.04,preference_test,9,2,Dry_food_first,D-E-S,D,E,S
82,subj.04,preference_test,10,2,Sausage_first,S-D-E,S,D,E
83,subj.04,preference_test,11,2,Sausage_first,D-S-E,D,S,E
84,subj.04,preference_test,12,2,Dry_food_first,S-E-D,S,E,D
85,subj.04,preference_test,13,3,Sausage_first,E-D-S,E,D,S
86,subj.04,preference_test,14,3,Dry_food_first,S-D-E,S,D,E
87,subj.04,preference_test,15,3,Sausage_first,E-S-D,E,S,D
88,subj.04,preference_test,16,3,Dry_food_first,D-S-E,D,S,E
89,subj.04,preference_test,17,3,Sausage_first,D-E-S,D,E,S
90,subj.04,preference_test,18,3,Dry_food_first,S-E-D,S,E,D
91,subj.04,preference_test,19,4,Dry_food_first,E-D-S,E,D,S
92,subj.04,preference_test,20,4,Sausage_first,S-E-D,S,E,D
93,subj.04,preference_test,21,4,Dry_food_first,E-S-D,E,S,D
94,subj.04,preference_test,22,4,Sausage_first,D-S-E,D,S,E
95,subj.04,preference_test,23,4,Sausage_first,D-E-S,D,E,S
96,subj.04,preference_test,24,4,Dry_food_first,S-D-E,S,D,E
97,subj.05,preference_test,1,1,Dry_food_first,S-E-D,S,E,D
98,subj.05,preference_test,2,1,Sausage_first,D-E-S,D,E,S
99,subj.05,preference_test,3,1,Sausage_first,D-S-E,D,S,E
100,subj.05,preference_test,4,1,Dry_food_first,S-D-E,S,D,E
101,subj.05,preference_test,5,1,Sausage_first,E-D-S,E,D,S
102,subj.05,preference_test,6,1,Dry_food_first,E-S-D,E,S,D
103,subj.05,preference_test,7,2,Dry_food_first,S-D-E,S,D,E
104,subj.05,preference_test,8,2,Sausage_first,D-S-E,D,S,E
105,subj.05,preference_test,9,2,Dry_food_first,E-S-D,E,S,D
106,subj.05,preference_test,10,2,Sausage_first,S-E-D,S,E,D
107,subj.05,preference_test,11,2,Dry_food_first,E-D-S,E,D,S
108,subj.05,preference_test,12,2,Sausage_first,D-E-S,D,E,S
109,subj.05,preference_test,13,3,Dry_food_first,E-S-D,E,S,D
110,subj.05,preference_test,14,3,Sausage_first,S-E-D,S,E,D
111,subj.05,preference_test,15,3,Sausage_first,D-E-S,D,E,S
112,subj.05,preference_test,16,3,Dry_food_first,S-D-E,S,D,E
113,subj.05,preference_test,17,3,Dry_food_first,E-D-S,E,D,S
114,subj.05,preference_test,18,3,Sausage_first,D-S-E,D,S,E
115,subj.05,preference_test,19,4,Sausage_first,E-S-D,E,S,D
116,subj.05,preference_test,20,4,Dry_food_first,D-E-S,D,E,S
117,subj.05,preference_test,21,4,Dry_food_first,S-E-D,S,E,D
118,subj.05,preference_test,22,4,Sausage_first,S-D-E,S,D,E
119,subj.05,preference_test,23,4,Sausage_first,D-S-E,D,S,E
120,subj.05,preference_test,24,4,Dry_food_first,E-D-S,E,D,S
121,subj.06,preference_test,1,1,Sausage_first,D-S-E,D,S,E
122,subj.06,preference_test,2,1,Dry_food_first,E-D-S,E,D,S
123,subj.06,preference_test,3,1,Dry_food_first,S-D-E,S,D,E
124,subj.06,preference_test,4,1,Sausage_first,D-E-S,D,E,S
125,subj.06,preference_test,5,1,Dry_food_first,S-E-D,S,E,D
126,subj.06,preference_test,6,1,Sausage_first,E-S-D,E,S,D
127,subj.06,preference_test,7,2,Dry_food_first,E-D-S,E,D,S
128,subj.06,preference_test,8,2,Sausage_first,D-E-S,D,E,S
129,subj.06,preference_test,9,2,Sausage_first,E-S-D,E,S,D
130,subj.06,preference_test,10,2,Dry_food_first,S-D-E,S,D,E
131,subj.06,preference_test,11,2,Sausage_first,D-S-E,D,S,E
132,subj.06,preference_test,12,2,Dry_food_first,S-E-D,S,E,D
133,subj.06,preference_test,13,3,Sausage_first,E-D-S,E,D,S
134,subj.06,preference_test,14,3,Dry_food_first,S-D-E,S,D,E
135,subj.06,preference_test,15,3,Sausage_first,D-S-E,D,S,E
136,subj.06,preference_test,16,3,Dry_food_first,S-E-D,S,E,D
137,subj.06,preference_test,17,3,Dry_food_first,E-S-D,E,S,D
138,subj.06,preference_test,18,3,Sausage_first,D-E-S,D,E,S
139,subj.06,preference_test,19,4,Sausage_first,E-D-S,E,D,S
140,subj.06,preference_test,20,4,Dry_food_first,D-S-E,D,S,E
141,subj.06,preference_test,21,4,Sausage_first,E-S-D,E,S,D
142,subj.06,preference_test,22,4,Dry_food_first,S-D-E,S,D,E
143,subj.06,preference_test,23,4,Sausage_first,D-E-S,D,E,S
144,subj.06,preference_test,24,4,Dry_food_first,S-E-D,S,E,D
145,subj.07,preference_test,1,1,Dry_food_first,S-E-D,S,E,D
146,subj.07,preference_test,2,1,Sausage_first,S-D-E,S,D,E
147,subj.07,preference_test,3,1,Sausage_first,E-D-S,E,D,S
148,subj.07,preference_test,4,1,Dry_food_first,D-S-E,D,S,E
149,subj.07,preference_test,5,1,Dry_food_first,E-S-D,E,S,D
150,subj.07,preference_test,6,1,Sausage_first,D-E-S,D,E,S
151,subj.07,preference_test,7,2,Dry_food_first,D-E-S,D,E,S
152,subj.07,preference_test,8,2,Sausage_first,S-D-E,S,D,E
153,subj.07,preference_test,9,2,Sausage_first,E-D-S,E,D,S
154,subj.07,preference_test,10,2,Dry_food_first,D-S-E,D,S,E
155,subj.07,preference_test,11,2,Sausage_first,E-S-D,E,S,D
156,subj.07,preference_test,12,2,Dry_food_first,S-E-D,S,E,D
157,subj.07,preference_test,13,3,Dry_food_first,D-S-E,D,S,E
158,subj.07,preference_test,14,3,Sausage_first,D-E-S,D,E,S
159,subj.07,preference_test,15,3,Sausage_first,S-E-D,S,E,D
160,subj.07,preference_test,16,3,Dry_food_first,S-D-E,S,D,E
161,subj.07,preference_test,17,3,Sausage_first,E-S-D,E,S,D
162,subj.07,preference_test,18,3,Dry_food_first,E-D-S,E,D,S
163,subj.07,preference_test,19,4,Sausage_first,S-D-E,S,D,E
164,subj.07,preference_test,20,4,Dry_food_first,D-E-S,D,E,S
165,subj.07,preference_test,21,4,Dry_food_first,S-E-D,S,E,D
166,subj.07,preference_test,22,4,Sausage_first,E-D-S,E,D,S
167,subj.07,preference_test,23,4,Dry_food_first,E-S-D,E,S,D
168,subj.07,preference_test,24,4,Sausage_first,D-S-E,D,S,E
169,subj.08,preference_test,1,1,Dry_food_first,S-E-D,S,E,D
170,subj.08,preference_test,2,1,Sausage_first,D-S-E,D,S,E
171,subj.08,preference_test,3,1,Dry_food_first,S-D-E,S,D,E
172,subj.08,preference_test,4,1,Sausage_first,E-D-S,E,D,S
173,subj.08,preference_test,5,1,Sausage_first,D-E-S,D,E,S
174,subj.08,preference_test,6,1,Dry_food_first,E-S-D,E,S,D
175,subj.08,preference_test,7,2,Sausage_first,D-S-E,D,S,E
176,subj.08,preference_test,8,2,Dry_food_first,E-D-S,E,D,S
177,subj.08,preference_test,9,2,Dry_food_first,S-E-D,S,E,D
178,subj.08,preference_test,10,2,Sausage_first,E-S-D,E,S,D
179,subj.08,preference_test,11,2,Dry_food_first,S-D-E,S,D,E
180,subj.08,preference_test,12,2,Sausage_first,D-E-S,D,E,S
181,subj.08,preference_test,13,3,Dry_food_first,S-D-E,S,D,E
182,subj.08,preference_test,14,3,Sausage_first,S-E-D,S,E,D
183,subj.08,preference_test,15,3,Dry_food_first,D-E-S,D,E,S
184,subj.08,preference_test,16,3,Sausage_first,E-S-D,E,S,D
185,subj.08,preference_test,17,3,Sausage_first,D-S-E,D,S,E
186,subj.08,preference_test,18,3,Dry_food_first,E-D-S,E,D,S
187,subj.08,preference_test,19,4,Dry_food_first,D-E-S,D,E,S
188,subj.08,preference_test,20,4,Sausage_first,E-S-D,E,S,D
189,subj.08,preference_test,21,4,Sausage_first,S-D-E,S,D,E
190,subj.08,preference_test,22,4,Dry_food_first,E-D-S,E,D,S
191,subj.08,preference_test,23,4,Sausage_first,D-S-E,D,S,E
192,subj.08,preference_test,24,4,Dry_food_first,S-E-D,S,E,D
193,subj.09,preference_test,1,1,Sausage_first,E-S-D,E,S,D
194,subj.09,preference_test,2,1,Dry_food_first,E-D-S,E,D,S
195,subj.09,preference_test,3,1,Sausage_first,D-E-S,D,E,S
196,subj.09,preference_test,4,1,Dry_food_first,S-E-D,S,E,D
197,subj.09,preference_test,5,1,Dry_food_first,D-S-E,D,S,E
198,subj.09,preference_test,6,1,Sausage_first,S-D-E,S,D,E
199,subj.09,preference_test,7,2,Sausage_first,E-D-S,E,D,S
200,subj.09,preference_test,8,2,Dry_food_first,D-E-S,D,E,S
201,subj.09,preference_test,9,2,Sausage_first,E-S-D,E,S,D
202,subj.09,preference_test,10,2,Dry_food_first,D-S-E,D,S,E
203,subj.09,preference_test,11,2,Sausage_first,S-E-D,S,E,D
204,subj.09,preference_test,12,2,Dry_food_first,S-D-E,S,D,E
205,subj.09,preference_test,13,3,Sausage_first,D-S-E,D,S,E
206,subj.09,preference_test,14,3,Dry_food_first,S-D-E,S,D,E
207,subj.09,preference_test,15,3,Dry_food_first,S-E-D,S,E,D
208,subj.09,preference_test,16,3,Sausage_first,E-S-D,E,S,D
209,subj.09,preference_test,17,3,Dry_food_first,D-E-S,D,E,S
210,subj.09,preference_test,18,3,Sausage_first,E-D-S,E,D,S
211,subj.09,preference_test,19,4,Sausage_first,E-S-D,E,S,D
212,subj.09,preference_test,20,4,Dry_food_first,S-D-E,S,D,E
213,subj.09,preference_test,21,4,Dry_food_first,D-S-E,D,S,E
214,subj.09,preference_test,22,4,Sausage_first,D-E-S,D,E,S
215,subj.09,preference_test,23,4,Sausage_first,E-D-S,E,D,S
216,subj.09,preference_test,24,4,Dry_food_first,S-E-D,S,E,D
217,subj.10,preference_test,1,1,Dry_food_first,D-E-S,D,E,S
218,subj.10,preference_test,2,1,Sausage_first,S-D-E,S,D,E
219,subj.10,preference_test,3,1,Dry_food_first,E-S-D,E,S,D
220,subj.10,preference_test,4,1,Sausage_first,E-D-S,E,D,S
221,subj.10,preference_test,5,1,Dry_food_first,D-S-E,D,S,E
222,subj.10,preference_test,6,1,Sausage_first,S-E-D,S,E,D
223,subj.10,preference_test,7,2,Sausage_first,S-D-E,S,D,E
224,subj.10,preference_test,8,2,Dry_food_first,E-S-D,E,S,D
225,subj.10,preference_test,9,2,Dry_food_first,D-E-S,D,E,S
226,subj.10,preference_test,10,2,Sausage_first,S-E-D,S,E,D
227,subj.10,preference_test,11,2,Sausage_first,D-S-E,D,S,E
228,subj.10,preference_test,12,2,Dry_food_first,E-D-S,E,D,S
229,subj.10,preference_test,13,3,Sausage_first,S-D-E,S,D,E
230,subj.10,preference_test,14,3,Dry_food_first,E-S-D,E,S,D
231,subj.10,preference_test,15,3,Sausage_first,E-D-S,E,D,S
232,subj.10,preference_test,16,3,Dry_food_first,S-E-D,S,E,D
233,subj.10,preference_test,17,3,Dry_food_first,D-S-E,D,S,E
234,subj.10,preference_test,18,3,Sausage_first,D-E-S,D,E,S
235,subj.10,preference_test,19,4,Sausage_first,E-D-S,E,D,S
236,subj.10,preference_test,20,4,Dry_food_first,E-S-D,E,S,D
237,subj.10,preference_test,21,4,Dry_food_first,S-E-D,S,E,D
238,subj.10,preference_test,22,4,Sausage_first,D-E-S,D,E,S
239,subj.10,preference_test,23,4,Dry_food_first,D-S-E,D,S,E
240,subj.10,preference_test,24,4,Sausage_first,S-D-E,S,D,E
241,subj.11,preference_test,1,1,Dry_food_first,S-E-D,S,E,D
242,subj.11,preference_test,2,1,Sausage_first,E-S-D,E,S,D
243,subj.11,preference_test,3,1,Dry_food_first,S-D-E,S,D,E
244,subj.11,preference_test,4,1,Sausage_first,D-S-E,D,S,E
245,subj.11,preference_test,5,1,Dry_food_first,E-D-S,E,D,S
246,subj.11,preference_test,6,1,Sausage_first,D-E-S,D,E,S
247,subj.11,preference_test,7,2,Sausage_first,S-D-E,S,D,E
248,subj.11,preference_test,8,2,Dry_food_first,S-E-D,S,E,D
249,subj.11,preference_test,9,2,Sausage_first,D-E-S,D,E,S
250,subj.11,preference_test,10,2,Dry_food_first,E-D-S,E,D,S
251,subj.11,preference_test,11,2,Dry_food_first,D-S-E,D,S,E
252,subj.11,preference_test,12,2,Sausage_first,E-S-D,E,S,D
253,subj.11,preference_test,13,3,Sausage_first,S-D-E,S,D,E
254,subj.11,preference_test,14,3,Dry_food_first,E-D-S,E,D,S
255,subj.11,preference_test,15,3,Dry_food_first,S-E-D,S,E,D
256,subj.11,preference_test,16,3,Sausage_first,D-E-S,D,E,S
257,subj.11,preference_test,17,3,Dry_food_first,D-S-E,D,S,E
258,subj.11,preference_test,18,3,Sausage_first,E-S-D,E,S,D
259,subj.11,preference_test,19,4,Dry_food_first,D-S-E,D,S,E
260,subj.11,preference_test,20,4,Sausage_first,E-S-D,E,S,D
261,subj.11,preference_test,21,4,Sausage_first,E-D-S,E,D,S
262,subj.11,preference_test,22,4,Dry_food_first,S-D-E,S,D,E
263,subj.11,preference_test,23,4,Sausage_first,D-E-S,D,E,S
264,subj.11,preference_test,24,4,Dry_food_first,S-E-D,S,E,D
265,subj.12,preference_test,1,1,Sausage_first,S-D-E,S,D,E
266,subj.12,preference_test,2,1,Dry_food_first,E-S-D,E,S,D
267,subj.12,preference_test,3,1,Sausage_first,D-E-S,D,E,S
268,subj.12,preference_test,4,1,Dry_food_first,D-S-E,D,S,E
269,subj.12,preference_test,5,1,Dry_food_first,E-D-S,E,D,S
270,subj.12,preference_test,6,1,Sausage_first,S-E-D,S,E,D
271,subj.12,preference_test,7,2,Sausage_first,D-E-S,D,E,S
272,subj.12,preference_test,8,2,Dry_food_first,E-D-S,E,D,S
273,subj.12,preference_test,9,2,Sausage_first,S-D-E,S,D,E
274,subj.12,preference_test,10,2,Dry_food_first,D-S-E,D,S,E
275,subj.12,preference_test,11,2,Dry_food_first,S-E-D,S,E,D
276,subj.12,preference_test,12,2,Sausage_first,E-S-D,E,S,D
277,subj.12,preference_test,13,3,Dry_food_first,S-D-E,S,D,E
278,subj.12,preference_test,14,3,Sausage_first,D-E-S,D,E,S
279,subj.12,preference_test,15,3,Dry_food_first,S-E-D,S,E,D
280,subj.12,preference_test,16,3,Sausage_first,D-S-E,D,S,E
281,subj.12,preference_test,17,3,Dry_food_first,E-S-D,E,S,D
282,subj.12,preference_test,18,3,Sausage_first,E-D-S,E,D,S
283,subj.12,preference_test,19,4,Dry_food_first,D-E-S,D,E,S
284,subj.12,preference_test,20,4,Sausage_first,S-E-D,S,E,D
285,subj.12,preference_test,21,4,Sausage_first,E-S-D,E,S,D
286,subj.12,preference_test,22,4,Dry_food_first,E-D-S,E,D,S
287,subj.12,preference_test,23,4,Dry_food_first,S-D-E,S,D,E
288,subj.12,preference_test,24,4,Sausage_first,D-S-E,D,S,E
289,subj.13,preference_test,1,1,Sausage_first,D-E-S,D,E,S
290,subj.13,preference_test,2,1,Dry_food_first,E-D-S,E,D,S
291,subj.13,preference_test,3,1,Dry_food_first,S-D-E,S,D,E
292,subj.13,preference_test,4,1,Sausage_first,E-S-D,E,S,D
293,subj.13,preference_test,5,1,Sausage_first,S-E-D,S,E,D
294,subj.13,preference_test,6,1,Dry_food_first,D-S-E,D,S,E
295,subj.13,preference_test,7,2,Sausage_first,E-S-D,E,S,D
296,subj.13,preference_test,8,2,Dry_food_first,D-E-S,D,E,S
297,subj.13,preference_test,9,2,Sausage_first,D-S-E,D,S,E
298,subj.13,preference_test,10,2,Dry_food_first,S-E-D,S,E,D
299,subj.13,preference_test,11,2,Dry_food_first,S-D-E,S,D,E
300,subj.13,preference_test,12,2,Sausage_first,E-D-S,E,D,S
301,subj.13,preference_test,13,3,Dry_food_first,S-E-D,S,E,D
302,subj.13,preference_test,14,3,Sausage_first,S-D-E,S,D,E
303,subj.13,preference_test,15,3,Sausage_first,D-E-S,D,E,S
304,subj.13,preference_test,16,3,Dry_food_first,E-S-D,E,S,D
305,subj.13,preference_test,17,3,Sausage_first,E-D-S,E,D,S
306,subj.13,preference_test,18,3,Dry_food_first,D-S-E,D,S,E
307,subj.13,preference_test,19,4,Sausage_first,D-S-E,D,S,E
308,subj.13,preference_test,20,4,Dry_food_first,E-D-S,E,D,S
309,subj.13,preference_test,21,4,Dry_food_first,S-E-D,S,E,D
310,subj.13,preference_test,22,4,Sausage_first,S-D-E,S,D,E
311,subj.13,preference_test,23,4,Dry_food_first,D-E-S,D,E,S
312,subj.13,preference_test,24,4,Sausage_first,E-S-D,E,S,D
313,subj.14,preference_test,1,1,Sausage_first,E-S-D,E,S,D
314,subj.14,preference_test,2,1,Dry_food_first,E-D-S,E,D,S
315,subj.14,preference_test,3,1,Sausage_first,D-S-E,D,S,E
316,subj.14,preference_test,4,1,Dry_food_first,S-E-D,S,E,D
317,subj.14,preference_test,5,1,Dry_food_first,D-E-S,D,E,S
318,subj.14,preference_test,6,1,Sausage_first,S-D-E,S,D,E
319,subj.14,preference_test,7,2,Dry_food_first,D-S-E,D,S,E
320,subj.14,preference_test,8,2,Sausage_first,S-D-E,S,D,E
321,subj.14,preference_test,9,2,Dry_food_first,E-D-S,E,D,S
322,subj.14,preference_test,10,2,Sausage_first,D-E-S,D,E,S
323,subj.14,preference_test,11,2,Sausage_first,E-S-D,E,S,D
324,subj.14,preference_test,12,2,Dry_food_first,S-E-D,S,E,D
325,subj.14,preference_test,13,3,Dry_food_first,E-D-S,E,D,S
326,subj.14,preference_test,14,3,Sausage_first,E-S-D,E,S,D
327,subj.14,preference_test,15,3,Dry_food_first,D-S-E,D,S,E
328,subj.14,preference_test,16,3,Sausage_first,D-E-S,D,E,S
329,subj.14,preference_test,17,3,Dry_food_first,S-D-E,S,D,E
330,subj.14,preference_test,18,3,Sausage_first,S-E-D,S,E,D
331,subj.14,preference_test,19,4,Sausage_first,S-E-D,S,E,D
332,subj.14,preference_test,20,4,Dry_food_first,E-S-D,E,S,D
333,subj.14,preference_test,21,4,Sausage_first,S-D-E,S,D,E
334,subj.14,preference_test,22,4,Dry_food_first,D-S-E,D,S,E
335,subj.14,preference_test,23,4,Dry_food_first,E-D-S,E,D,S
336,subj.14,preference_test,24,4,Sausage_first,D-E-S,D,E,S
337,subj.15,preference_test,1,1,Dry_food_first,D-E-S,D,E,S
338,subj.15,preference_test,2,1,Sausage_first,S-D-E,S,D,E
339,subj.15,preference_test,3,1,Sausage_first,D-S-E,D,S,E
340,subj.15,preference_test,4,1,Dry_food_first,E-S-D,E,S,D
341,subj.15,preference_test,5,1,Dry_food_first,E-D-S,E,D,S
342,subj.15,preference_test,6,1,Sausage_first,S-E-D,S,E,D
343,subj.15,preference_test,7,2,Sausage_first,E-D-S,E,D,S
344,subj.15,preference_test,8,2,Dry_food_first,E-S-D,E,S,D
345,subj.15,preference_test,9,2,Sausage_first,D-E-S,D,E,S
346,subj.15,preference_test,10,2,Dry_food_first,S-E-D,S,E,D
347,subj.15,preference_test,11,2,Sausage_first,S-D-E,S,D,E
348,subj.15,preference_test,12,2,Dry_food_first,D-S-E,D,S,E
349,subj.15,preference_test,13,3,Dry_food_first,D-S-E,D,S,E
350,subj.15,preference_test,14,3,Sausage_first,S-E-D,S,E,D
351,subj.15,preference_test,15,3,Dry_food_first,E-S-D,E,S,D
352,subj.15,preference_test,16,3,Sausage_first,E-D-S,E,D,S
353,subj.15,preference_test,17,3,Dry_food_first,S-D-E,S,D,E
354,subj.15,preference_test,18,3,Sausage_first,D-E-S,D,E,S
355,subj.15,preference_test,19,4,Dry_food_first,E-D-S,E,D,S
356,subj.15,preference_test,20,4,Sausage_first,S-D-E,S,D,E
357,subj.15,preference_test,21,4,Sausage_first,D-S-E,D,S,E
358,subj.15,preference_test,22,4,Dry_food_first,D-E-S,D,E,S
359,subj.15,preference_test,23,4,Sausage_first,E-S-D,E,S,D
360,subj.15,preference_test,24,4,Dry_food_first,S-E-D,S,E,D
361,subj.16,preference_test,1,1,Sausage_first,S-E-D,S,E,D
362,subj.16,preference_test,2,1,Dry_food_first,E-S-D,E,S,D
363,subj.16,preference_test,3,1,Dry_food_first,D-E-S,D,E,S
364,subj.16,preference_test,4,1,Sausage_first,E-D-S,E,D,S
365,subj.16,preference_test,5,1,Sausage_first,D-S-E,D,S,E
366,subj.16,preference_test,6,1,Dry_food_first,S-D-E,S,D,E
367,subj.16,preference_test,7,2,Sausage_first,S-E-D,S,E,D
368,subj.16,preference_test,8,2,Dry_food_first,D-E-S,D,E,S
369,subj.16,preference_test,9,2,Sausage_first,E-S-D,E,S,D
370,subj.16,preference_test,10,2,Dry_food_first,S-D-E,S,D,E
371,subj.16,preference_test,11,2,Dry_food_first,E-D-S,E,D,S
372,subj.16,preference_test,12,2,Sausage_first,D-S-E,D,S,E
373,subj.16,preference_test,13,3,Dry_food_first,S-D-E,S,D,E
374,subj.16,preference_test,14,3,Sausage_first,E-S-D,E,S,D
375,subj.16,preference_test,15,3,Dry_food_first,S-E-D,S,E,D
376,subj.16,preference_test,16,3,Sausage_first,D-E-S,D,E,S
377,subj.16,preference_test,17,3,Sausage_first,E-D-S,E,D,S
378,subj.16,preference_test,18,3,Dry_food_first,D-S-E,D,S,E
379,subj.16,preference_test,19,4,Dry_food_first,E-D-S,E,D,S
380,subj.16,preference_test,20,4,Sausage_first,D-S-E,D,S,E
381,subj.16,preference_test,21,4,Sausage_first,E-S-D,E,S,D
382,subj.16,preference_test,22,4,Dry_food_first,D-E-S,D,E,S
383,subj.16,preference_test,23,4,Sausage_first,S-D-E,S,D,E
384,subj.16,preference_test,24,4,Dry_food_first,S-E-D,S,E,D
385,subj.17,preference_test,1,1,Sausage_first,D-E-S,D,E,S
386,subj.17,preference_test,2,1,Dry_food_first,E-D-S,E,D,S
387,subj.17,preference_test,3,1,Dry_food_first,S-D-E,S,D,E
388,subj.17,preference_test,4,1,Sausage_first,E-S-D,E,S,D
389,subj.17,preference_test,5,1,Sausage_first,S-E-D,S,E,D
390,subj.17,preference_test,6,1,Dry_food_first,D-S-E,D,S,E
391,subj.17,preference_test,7,2,Dry_food_first,E-S-D,E,S,D
392,subj.17,preference_test,8,2,Sausage_first,E-D-S,E,D,S
393,subj.17,preference_test,9,2,Dry_food_first,S-E-D,S,E,D
394,subj.17,preference_test,10,2,Sausage_first,D-S-E,D,S,E
395,subj.17,preference_test,11,2,Sausage_first,S-D-E,S,D,E
396,subj.17,preference_test,12,2,Dry_food_first,D-E-S,D,E,S
397,subj.17,preference_test,13,3,Sausage_first,E-S-D,E,S,D
398,subj.17,preference_test,14,3,Dry_food_first,E-D-S,E,D,S
399,subj.17,preference_test,15,3,Sausage_first,D-S-E,D,S,E
400,subj.17,preference_test,16,3,Dry_food_first,S-D-E,S,D,E
401,subj.17,preference_test,17,3,Sausage_first,D-E-S,D,E,S
402,subj.17,preference_test,18,3,Dry_food_first,S-E-D,S,E,D
403,subj.17,preference_test,19,4,Sausage_first,D-S-E,D,S,E
404,subj.17,preference_test,20,4,Dry_food_first,D-E-S,D,E,S
405,subj.17,preference_test,21,4,Sausage_first,S-E-D,S,E,D
406,subj.17,preference_test,22,4,Dry_food_first,S-D-E,S,D,E
407,subj.17,preference_test,23,4,Sausage_first,E-D-S,E,D,S
408,subj.17,preference_test,24,4,Dry_food_first,E-S-D,E,S,D
409,subj.18,preference_test,1,1,Sausage_first,D-S-E,D,S,E
410,subj.18,preference_test,2,1,Dry_food_first,D-E-S,D,E,S
411,subj.18,preference_test,3,1,Sausage_first,E-D-S,E,D,S
412,subj.18,preference_test,4,1,Dry_food_first,S-E-D,S,E,D
413,subj.18,preference_test,5,1,Dry_food_first,E-S-D,E,S,D
414,subj.18,preference_test,6,1,Sausage_first,S-D-E,S,D,E
415,subj.18,preference_test,7,2,Sausage_first,E-S-D,E,S,D
416,subj.18,preference_test,8,2,Dry_food_first,D-S-E,D,S,E
417,subj.18,preference_test,9,2,Sausage_first,D-E-S,D,E,S
418,subj.18,preference_test,10,2,Dry_food_first,E-D-S,E,D,S
419,subj.18,preference_test,11,2,Sausage_first,S-D-E,S,D,E
420,subj.18,preference_test,12,2,Dry_food_first,S-E-D,S,E,D
421,subj.18,preference_test,13,3,Sausage_first,S-D-E,S,D,E
422,subj.18,preference_test,14,3,Dry_food_first,E-S-D,E,S,D
423,subj.18,preference_test,15,3,Dry_food_first,D-S-E,D,S,E
424,subj.18,preference_test,16,3,Sausage_first,D-E-S,D,E,S
425,subj.18,preference_test,17,3,Dry_food_first,E-D-S,E,D,S
426,subj.18,preference_test,18,3,Sausage_first,S-E-D,S,E,D
427,subj.18,preference_test,19,4,Dry_food_first,S-D-E,S,D,E
428,subj.18,preference_test,20,4,Sausage_first,E-D-S,E,D,S
429,subj.18,preference_test,21,4,Dry_food_first,E-S-D,E,S,D
430,subj.18,preference_test,22,4,Sausage_first,D-E-S,D,E,S
431,subj.18,preference_test,23,4,Dry_food_first,D-S-E,D,S,E
432,subj.18,preference_test,24,4,Sausage_first,S-E-D,S,E,D
433,subj.19,preference_test,1,1,Dry_food_first,D-E-S,D,E,S
434,subj.19,preference_test,2,1,Sausage_first,E-S-D,E,S,D
435,subj.19,preference_test,3,1,Dry_food_first,E-D-S,E,D,S
436,subj.19,preference_test,4,1,Sausage_first,S-E-D,S,E,D
437,subj.19,preference_test,5,1,Sausage_first,S-D-E,S,D,E
438,subj.19,preference_test,6,1,Dry_food_first,D-S-E,D,S,E
439,subj.19,preference_test,7,2,Sausage_first,D-S-E,D,S,E
440,subj.19,preference_test,8,2,Dry_food_first,E-D-S,E,D,S
441,subj.19,preference_test,9,2,Sausage_first,S-E-D,S,E,D
442,subj.19,preference_test,10,2,Dry_food_first,D-E-S,D,E,S
443,subj.19,preference_test,11,2,Sausage_first,S-D-E,S,D,E
444,subj.19,preference_test,12,2,Dry_food_first,E-S-D,E,S,D
445,subj.19,preference_test,13,3,Sausage_first,S-E-D,S,E,D
446,subj.19,preference_test,14,3,Dry_food_first,E-D-S,E,D,S
447,subj.19,preference_test,15,3,Sausage_first,S-D-E,S,D,E
448,subj.19,preference_test,16,3,Dry_food_first,D-E-S,D,E,S
449,subj.19,preference_test,17,3,Sausage_first,D-S-E,D,S,E
450,subj.19,preference_test,18,3,Dry_food_first,E-S-D,E,S,D
451,subj.19,preference_test,19,4,Sausage_first,E-D-S,E,D,S
452,subj.19,preference_test,20,4,Dry_food_first,E-S-D,E,S,D
453,subj.19,preference_test,21,4,Sausage_first,S-D-E,S,D,E
454,subj.19,preference_test,22,4,Dry_food_first,S-E-D,S,E,D
455,subj.19,preference_test,23,4,Dry_food_first,D-S-E,D,S,E
456,subj.19,preference_test,24,4,Sausage_first,D-E-S,D,E,S
457,subj.20,preference_test,1,1,Sausage_first,S-D-E,S,D,E
458,subj.20,preference_test,2,1,Dry_food_first,E-D-S,E,D,S
459,subj.20,preference_test,3,1,Sausage_first,D-E-S,D,E,S
460,subj.20,preference_test,4,1,Dry_food_first,E-S-D,E,S,D
461,subj.20,preference_test,5,1,Sausage_first,D-S-E,D,S,E
462,subj.20,preference_test,6,1,Dry_food_first,S-E-D,S,E,D
463,subj.20,preference_test,7,2,Sausage_first,E-D-S,E,D,S
464,subj.20,preference_test,8,2,Dry_food_first,S-E-D,S,E,D
465,subj.20,preference_test,9,2,Dry_food_first,D-E-S,D,E,S
466,subj.20,preference_test,10,2,Sausage_first,S-D-E,S,D,E
467,subj.20,preference_test,11,2,Dry_food_first,E-S-D,E,S,D
468,subj.20,preference_test,12,2,Sausage_first,D-S-E,D,S,E
469,subj.20,preference_test,13,3,Sausage_first,D-E-S,D,E,S
470,subj.20,preference_test,14,3,Dry_food_first,E-S-D,E,S,D
471,subj.20,preference_test,15,3,Sausage_first,S-E-D,S,E,D
472,subj.20,preference_test,16,3,Dry_food_first,S-D-E,S,D,E
473,subj.20,preference_test,17,3,Sausage_first,E-D-S,E,D,S
474,subj.20,preference_test,18,3,Dry_food_first,D-S-E,D,S,E
475,subj.20,preference_test,19,4,Dry_food_first,S-E-D,S,E,D
476,subj.20,preference_test,20,4,Sausage_first,S-D-E,S,D,E
477,subj.20,preference_test,21,4,Sausage_first,E-S-D,E,S,D
478,subj.20,preference_test,22,4,Dry_food_first,D-E-S,D,E,S
479,subj.20,preference_test,23,4,Sausage_first,D-S-E,D,S,E
480,subj.20,preference_test,24,4,Dry_food_first,E-D-S,E,D,S
481,subj.21,preference_test,1,1,Dry_food_first,S-E-D,S,E,D
482,subj.21,preference_test,2,1,Sausage_first,D-S-E,D,S,E
483,subj.21,preference_test,3,1,Dry_food_first,E-D-S,E,D,S
484,subj.21,preference_test,4,1,Sausage_first,S-D-E,S,D,E
485,subj.21,preference_test,5,1,Dry_food_first,D-E-S,D,E,S
486,subj.21,preference_test,6,1,Sausage_first,E-S-D,E,S,D
487,subj.21,preference_test,7,2,Dry_food_first,E-D-S,E,D,S
488,subj.21,preference_test,8,2,Sausage_first,E-S-D,E,S,D
489,subj.21,preference_test,9,2,Dry_food_first,D-E-S,D,E,S
490,subj.21,preference_test,10,2,Sausage_first,S-D-E,S,D,E
491,subj.21,preference_test,11,2,Dry_food_first,D-S-E,D,S,E
492,subj.21,preference_test,12,2,Sausage_first,S-E-D,S,E,D
493,subj.21,preference_test,13,3,Dry_food_first,D-E-S,D,E,S
494,subj.21,preference_test,14,3,Sausage_first,S-D-E,S,D,E
495,subj.21,preference_test,15,3,Dry_food_first,D-S-E,D,S,E
496,subj.21,preference_test,16,3,Sausage_first,S-E-D,S,E,D
497,subj.21,preference_test,17,3,Sausage_first,E-D-S,E,D,S
498,subj.21,preference_test,18,3,Dry_food_first,E-S-D,E,S,D
499,subj.21,preference_test,19,4,Sausage_first,E-S-D,E,S,D
500,subj.21,preference_test,20,4,Dry_food_first,D-E-S,D,E,S
501,subj.21,preference_test,21,4,Dry_food_first,D-S-E,D,S,E
502,subj.21,preference_test,22,4,Sausage_first,S-D-E,S,D,E
503,subj.21,preference_test,23,4,Dry_food_first,S-E-D,S,E,D
504,subj.21,preference_test,24,4,Sausage_first,E-D-S,E,D,S
505,subj.22,preference_test,1,1,Dry_food_first,E-S-D,E,S,D
506,subj.22,preference_test,2,1,Sausage_first,D-E-S,D,E,S
507,subj.22,preference_test,3,1,Dry_food_first,D-S-E,D,S,E
508,subj.22,preference_test,4,1,Sausage_first,S-E-D,S,E,D
509,subj.22,preference_test,5,1,Sausage_first,E-D-S,E,D,S
510,subj.22,preference_test,6,1,Dry_food_first,S-D-E,S,D,E
511,subj.22,preference_test,7,2,Dry_food_first,E-S-D,E,S,D
512,subj.22,preference_test,8,2,Sausage_first,S-E-D,S,E,D
513,subj.22,preference_test,9,2,Sausage_first,E-D-S,E,D,S
514,subj.22,preference_test,10,2,Dry_food_first,D-E-S,D,E,S
515,subj.22,preference_test,11,2,Sausage_first,S-D-E,S,D,E
516,subj.22,preference_test,12,2,Dry_food_first,D-S-E,D,S,E
517,subj.22,preference_test,13,3,Dry_food_first,D-S-E,D,S,E
518,subj.22,preference_test,14,3,Sausage_first,S-D-E,S,D,E
519,subj.22,preference_test,15,3,Dry_food_first,E-D-S,E,D,S
520,subj.22,preference_test,16,3,Sausage_first,D-E-S,D,E,S
521,subj.22,preference_test,17,3,Sausage_first,E-S-D,E,S,D
522,subj.22,preference_test,18,3,Dry_food_first,S-E-D,S,E,D
523,subj.22,preference_test,19,4,Sausage_first,E-D-S,E,D,S
524,subj.22,preference_test,20,4,Dry_food_first,E-S-D,E,S,D
525,subj.22,preference_test,21,4,Sausage_first,S-E-D,S,E,D
526,subj.22,preference_test,22,4,Dry_food_first,D-S-E,D,S,E
527,subj.22,preference_test,23,4,Sausage_first,D-E-S,D,E,S
528,subj.22,preference_test,24,4,Dry_food_first,S-D-E,S,D,E
529,subj.23,preference_test,1,1,Dry_food_first,D-E-S,D,E,S
530,subj.23,preference_test,2,1,Sausage_first,S-E-D,S,E,D
531,subj.23,preference_test,3,1,Dry_food_first,E-S-D,E,S,D
532,subj.23,preference_test,4,1,Sausage_first,S-D-E,S,D,E
533,subj.23,preference_test,5,1,Sausage_first,E-D-S,E,D,S
534,subj.23,preference_test,6,1,Dry_food_first,D-S-E,D,S,E
535,subj.23,preference_test,7,2,Sausage_first,D-E-S,D,E,S
536,subj.23,preference_test,8,2,Dry_food_first,E-S-D,E,S,D
537,subj.23,preference_test,9,2,Dry_food_first,S-E-D,S,E,D
538,subj.23,preference_test,10,2,Sausage_first,E-D-S,E,D,S
539,subj.23,preference_test,11,2,Dry_food_first,D-S-E,D,S,E
540,subj.23,preference_test,12,2,Sausage_first,S-D-E,S,D,E
541,subj.23,preference_test,13,3,Sausage_first,D-E-S,D,E,S
542,subj.23,preference_test,14,3,Dry_food_first,E-D-S,E,D,S
543,subj.23,preference_test,15,3,Sausage_first,S-D-E,S,D,E
544,subj.23,preference_test,16,3,Dry_food_first,D-S-E,D,S,E
545,subj.23,preference_test,17,3,Dry_food_first,S-E-D,S,E,D
546,subj.23,preference_test,18,3,Sausage_first,E-S-D,E,S,D
547,subj.23,preference_test,19,4,Sausage_first,D-E-S,D,E,S
548,subj.23,preference_test,20,4,Dry_food_first,E-D-S,E,D,S
549,subj.23,preference_test,21,4,Sausage_first,E-S-D,E,S,D
550,subj.23,preference_test,22,4,Dry_food_first,D-S-E,D,S,E
551,subj.23,preference_test,23,4,Dry_food_first,S-E-D,S,E,D
552,subj.23,preference_test,24,4,Sausage_first,S-D-E,S,D,E
553,subj.24,preference_test,1,1,Sausage_first,E-D-S,E,D,S
554,subj.24,preference_test,2,1,Dry_food_first,S-E-D,S,E,D
555,subj.24,preference_test,3,1,Sausage_first,S-D-E,S,D,E
556,subj.24,preference_test,4,1,Dry_food_first,D-S-E,D,S,E
557,subj.24,preference_test,5,1,Sausage_first,E-S-D,E,S,D
558,subj.24,preference_test,6,1,Dry_food_first,D-E-S,D,E,S
559,subj.24,preference_test,7,2,Dry_food_first,E-S-D,E,S,D
560,subj.24,preference_test,8,2,Sausage_first,S-E-D,S,E,D
561,subj.24,preference_test,9,2,Dry_food_first,E-D-S,E,D,S
562,subj.24,preference_test,10,2,Sausage_first,D-S-E,D,S,E
563,subj.24,preference_test,11,2,Sausage_first,S-D-E,S,D,E
564,subj.24,preference_test,12,2,Dry_food_first,D-E-S,D,E,S
565,subj.24,preference_test,13,3,Sausage_first,D-E-S,D,E,S
566,subj.24,preference_test,14,3,Dry_food_first,E-D-S,E,D,S
567,subj.24,preference_test,15,3,Dry_food_first,E-S-D,E,S,D
568,subj.24,preference_test,16,3,Sausage_first,S-E-D,S,E,D
569,subj.24,preference_test,17,3,Sausage_first,S-D-E,S,D,E
570,subj.24,preference_test,18,3,Dry_food_first,D-S-E,D,S,E
571,subj.24,preference_test,19,4,Sausage_first,E-D-S,E,D,S
572,subj.24,preference_test,20,4,Dry_food_first,S-E-D,S,E,D
573,subj.24,preference_test,21,4,Sausage_first,S-D-E,S,D,E
574,subj.24,preference_test,22,4,Dry_food_first,D-S-E,D,S,E
575,subj.24,preference_test,23,4,Dry_food_first,E-S-D,E,S,D
576,subj.24,preference_test,24,4,Sausage_first,D-E-S,D,E,S
577,subj.25,preference_test,1,1,Sausage_first,D-S-E,D,S,E
578,subj.25,preference_test,2,1,Dry_food_first,S-E-D,S,E,D
579,subj.25,preference_test,3,1,Dry_food_first,E-D-S,E,D,S
580,subj.25,preference_test,4,1,Sausage_first,D-E-S,D,E,S
581,subj.25,preference_test,5,1,Sausage_first,S-D-E,S,D,E
582,subj.25,preference_test,6,1,Dry_food_first,E-S-D,E,S,D
583,subj.25,preference_test,7,2,Dry_food_first,D-S-E,D,S,E
584,subj.25,preference_test,8,2,Sausage_first,D-E-S,D,E,S
585,subj.25,preference_test,9,2,Dry_food_first,E-S-D,E,S,D
586,subj.25,preference_test,10,2,Sausage_first,S-E-D,S,E,D
587,subj.25,preference_test,11,2,Sausage_first,E-D-S,E,D,S
588,subj.25,preference_test,12,2,Dry_food_first,S-D-E,S,D,E
589,subj.25,preference_test,13,3,Sausage_first,S-D-E,S,D,E
590,subj.25,preference_test,14,3,Dry_food_first,E-S-D,E,S,D
591,subj.25,preference_test,15,3,Sausage_first,S-E-D,S,E,D
592,subj.25,preference_test,16,3,Dry_food_first,E-D-S,E,D,S
593,subj.25,preference_test,17,3,Dry_food_first,D-S-E,D,S,E
594,subj.25,preference_test,18,3,Sausage_first,D-E-S,D,E,S
595,subj.25,preference_test,19,4,Sausage_first,D-S-E,D,S,E
596,subj.25,preference_test,20,4,Dry_food_first,S-E-D,S,E,D
597,subj.25,preference_test,21,4,Dry_food_first,D-E-S,D,E,S
598,subj.25,preference_test,22,4,Sausage_first,E-D-S,E,D,S
599,subj.25,preference_test,23,4,Sausage_first,E-S-D,E,S,D
600,subj.25,preference_test,24,4,Dry_food_first,S-D-E,S,D,E
601,subj.26,preference_test,1,1,Sausage_first,D-E-S,D,E,S
602,subj.26,preference_test,2,1,Dry_food_first,S-D-E,S,D,E
603,subj.26,preference_test,3,1,Dry_food_first,S-E-D,S,E,D
604,subj.26,preference_test,4,1,Sausage_first,E-D-S,E,D,S
605,subj.26,preference_test,5,1,Sausage_first,E-S-D,E,S,D
606,subj.26,preference_test,6,1,Dry_food_first,D-S-E,D,S,E
607,subj.26,preference_test,7,2,Sausage_first,D-S-E,D,S,E
608,subj.26,preference_test,8,2,Dry_food_first,E-D-S,E,D,S
609,subj.26,preference_test,9,2,Sausage_first,S-E-D,S,E,D
610,subj.26,preference_test,10,2,Dry_food_first,S-D-E,S,D,E
611,subj.26,preference_test,11,2,Sausage_first,E-S-D,E,S,D
612,subj.26,preference_test,12,2,Dry_food_first,D-E-S,D,E,S
613,subj.26,preference_test,13,3,Dry_food_first,S-D-E,S,D,E
614,subj.26,preference_test,14,3,Sausage_first,S-E-D,S,E,D
615,subj.26,preference_test,15,3,Dry_food_first,D-S-E,D,S,E
616,subj.26,preference_test,16,3,Sausage_first,D-E-S,D,E,S
617,subj.26,preference_test,17,3,Sausage_first,E-S-D,E,S,D
618,subj.26,preference_test,18,3,Dry_food_first,E-D-S,E,D,S
619,subj.26,preference_test,19,4,Sausage_first,E-D-S,E,D,S
620,subj.26,preference_test,20,4,Dry_food_first,S-D-E,S,D,E
621,subj.26,preference_test,21,4,Dry_food_first,D-S-E,D,S,E
622,subj.26,preference_test,22,4,Sausage_first,D-E-S,D,E,S
623,subj.26,preference_test,23,4,Dry_food_first,S-E-D,S,E,D
624,subj.26,preference_test,24,4,Sausage_first,E-S-D,E,S,D
625,subj.27,preference_test,1,1,Dry_food_first,S-D-E,S,D,E
626,subj.27,preference_test,2,1,Sausage_first,S-E-D,S,E,D
627,subj.27,preference_test,3,1,Sausage_first,D-S-E,D,S,E
628,subj.27,preference_test,4,1,Dry_food_first,E-S-D,E,S,D
629,subj.27,preference_test,5,1,Sausage_first,D-E-S,D,E,S
630,subj.27,preference_test,6,1,Dry_food_first,E-D-S,E,D,S
631,subj.27,preference_test,7,2,Sausage_first,D-S-E,D,S,E
632,subj.27,preference_test,8,2,Dry_food_first,E-D-S,E,D,S
633,subj.27,preference_test,9,2,Dry_food_first,E-S-D,E,S,D
634,subj.27,preference_test,10,2,Sausage_first,S-D-E,S,D,E
635,subj.27,preference_test,11,2,Sausage_first,D-E-S,D,E,S
636,subj.27,preference_test,12,2,Dry_food_first,S-E-D,S,E,D
637,subj.27,preference_test,13,3,Dry_food_first,E-D-S,E,D,S
638,subj.27,preference_test,14,3,Sausage_first,S-D-E,S,D,E
639,subj.27,preference_test,15,3,Sausage_first,E-S-D,E,S,D
640,subj.27,preference_test,16,3,Dry_food_first,S-E-D,S,E,D
641,subj.27,preference_test,17,3,Sausage_first,D-E-S,D,E,S
642,subj.27,preference_test,18,3,Dry_food_first,D-S-E,D,S,E
643,subj.27,preference_test,19,4,Dry_food_first,S-D-E,S,D,E
644,subj.27,preference_test,20,4,Sausage_first,E-D-S,E,D,S
645,subj.27,preference_test,21,4,Sausage_first,E-S-D,E,S,D
646,subj.27,preference_test,22,4,Dry_food_first,D-S-E,D,S,E
647,subj.27,preference_test,23,4,Dry_food_first,S-E-D,S,E,D
648,subj.27,preference_test,24,4,Sausage_first,D-E-S,D,E,S
649,subj.28,preference_test,1,1,Sausage_first,S-E-D,S,E,D
650,subj.28,preference_test,2,1,Dry_food_first,E-S-D,E,S,D
651,subj.28,preference_test,3,1,Sausage_first,D-S-E,D,S,E
652,subj.28,preference_test,4,1,Dry_food_first,S-D-E,S,D,E
653,subj.28,preference_test,5,1,Dry_food_first,E-D-S,E,D,S
654,subj.28,preference_test,6,1,Sausage_first,D-E-S,D,E,S
655,subj.28,preference_test,7,2,Sausage_first,E-S-D,E,S,D
656,subj.28,preference_test,8,2,Dry_food_first,D-E-S,D,E,S
657,subj.28,preference_test,9,2,Dry_food_first,S-D-E,S,D,E
658,subj.28,preference_test,10,2,Sausage_first,E-D-S,E,D,S
659,subj.28,preference_test,11,2,Dry_food_first,D-S-E,D,S,E
660,subj.28,preference_test,12,2,Sausage_first,S-E-D,S,E,D
661,subj.28,preference_test,13,3,Sausage_first,S-D-E,S,D,E
662,subj.28,preference_test,14,3,Dry_food_first,E-D-S,E,D,S
663,subj.28,preference_test,15,3,Dry_food_first,S-E-D,S,E,D
664,subj.28,preference_test,16,3,Sausage_first,D-S-E,D,S,E
665,subj.28,preference_test,17,3,Dry_food_first,E-S-D,E,S,D
666,subj.28,preference_test,18,3,Sausage_first,D-E-S,D,E,S
667,subj.28,preference_test,19,4,Dry_food_first,E-S-D,E,S,D
668,subj.28,preference_test,20,4,Sausage_first,D-E-S,D,E,S
669,subj.28,preference_test,21,4,Dry_food_first,E-D-S,E,D,S
670,subj.28,preference_test,22,4,Sausage_first,S-D-E,S,D,E
671,subj.28,preference_test,23,4,Dry_food_first,D-S-E,D,S,E
672,subj.28,preference_test,24,4,Sausage_first,S-E-D,S,E,D
673,subj.29,preference_test,1,1,Dry_food_first,D-S-E,D,S,E
674,subj.29,preference_test,2,1,Sausage_first,S-D-E,S,D,E
675,subj.29,preference_test,3,1,Dry_food_first,E-S-D,E,S,D
676,subj.29,preference_test,4,1,Sausage_first,D-E-S,D,E,S
677,subj.29,preference_test,5,1,Dry_food_first,E-D-S,E,D,S
678,subj.29,preference_test,6,1,Sausage_first,S-E-D,S,E,D
679,subj.29,preference_test,7,2,Sausage_first,D-E-S,D,E,S
680,subj.29,preference_test,8,2,Dry_food_first,E-D-S,E,D,S
681,subj.29,preference_test,9,2,Dry_food_first,S-D-E,S,D,E
682,subj.29,preference_test,10,2,Sausage_first,S-E-D,S,E,D
683,subj.29,preference_test,11,2,Dry_food_first,D-S-E,D,S,E
684,subj.29,preference_test,12,2,Sausage_first,E-S-D,E,S,D
685,subj.29,preference_test,13,3,Dry_food_first,S-E-D,S,E,D
686,subj.29,preference_test,14,3,Sausage_first,D-E-S,D,E,S
687,subj.29,preference_test,15,3,Dry_food_first,E-D-S,E,D,S
688,subj.29,preference_test,16,3,Sausage_first,D-S-E,D,S,E
689,subj.29,preference_test,17,3,Dry_food_first,E-S-D,E,S,D
690,subj.29,preference_test,18,3,Sausage_first,S-D-E,S,D,E
691,subj.29,preference_test,19,4,Dry_food_first,S-E-D,S,E,D
692,subj.29,preference_test,20,4,Sausage_first,E-D-S,E,D,S
693,subj.29,preference_test,21,4,Dry_food_first,D-S-E,D,S,E
694,subj.29,preference_test,22,4,Sausage_first,E-S-D,E,S,D
695,subj.29,preference_test,23,4,Dry_food_first,D-E-S,D,E,S
696,subj.29,preference_test,24,4,Sausage_first,S-D-E,S,D,E
697,subj.30,preference_test,1,1,Dry_food_first,D-E-S,D,E,S
698,subj.30,preference_test,2,1,Sausage_first,D-S-E,D,S,E
699,subj.30,preference_test,3,1,Sausage_first,E-D-S,E,D,S
700,subj.30,preference_test,4,1,Dry_food_first,S-E-D,S,E,D
701,subj.30,preference_test,5,1,Dry_food_first,S-D-E,S,D,E
702,subj.30,preference_test,6,1,Sausage_first,E-S-D,E,S,D
703,subj.30,preference_test,7,2,Dry_food_first,D-E-S,D,E,S
704,subj.30,preference_test,8,2,Sausage_first,E-S-D,E,S,D
705,subj.30,preference_test,9,2,Dry_food_first,D-S-E,D,S,E
706,subj.30,preference_test,10,2,Sausage_first,E-D-S,E,D,S
707,subj.30,preference_test,11,2,Sausage_first,S-E-D,S,E,D
708,subj.30,preference_test,12,2,Dry_food_first,S-D-E,S,D,E
709,subj.30,preference_test,13,3,Sausage_first,S-D-E,S,D,E
710,subj.30,preference_test,14,3,Dry_food_first,S-E-D,S,E,D
711,subj.30,preference_test,15,3,Dry_food_first,D-E-S,D,E,S
712,subj.30,preference_test,16,3,Sausage_first,E-D-S,E,D,S
713,subj.30,preference_test,17,3,Sausage_first,E-S-D,E,S,D
714,subj.30,preference_test,18,3,Dry_food_first,D-S-E,D,S,E
715,subj.30,preference_test,19,4,Dry_food_first,E-D-S,E,D,S
716,subj.30,preference_test,20,4,Sausage_first,D-E-S,D,E,S
717,subj.30,preference_test,21,4,Sausage_first,S-E-D,S,E,D
718,subj.30,preference_test,22,4,Dry_food_first,D-S-E,D,S,E
719,subj.30,preference_test,23,4,Sausage_first,E-S-D,E,S,D
720,subj.30,preference_test,24,4,Dry_food_first,S-D-E,S,D,E
721,subj.31,preference_test,1,1,Sausage_first,D-S-E,D,S,E
722,subj.31,preference_test,2,1,Dry_food_first,S-D-E,S,D,E
723,subj.31,preference_test,3,1,Dry_food_first,E-D-S,E,D,S
724,subj.31,preference_test,4,1,Sausage_first,E-S-D,E,S,D
725,subj.31,preference_test,5,1,Sausage_first,S-E-D,S,E,D
726,subj.31,preference_test,6,1,Dry_food_first,D-E-S,D,E,S
727,subj.31,preference_test,7,2,Sausage_first,D-E-S,D,E,S
728,subj.31,preference_test,8,2,Dry_food_first,S-D-E,S,D,E
729,subj.31,preference_test,9,2,Dry_food_first,E-D-S,E,D,S
730,subj.31,preference_test,10,2,Sausage_first,E-S-D,E,S,D
731,subj.31,preference_test,11,2,Dry_food_first,D-S-E,D,S,E
732,subj.31,preference_test,12,2,Sausage_first,S-E-D,S,E,D
733,subj.31,preference_test,13,3,Dry_food_first,D-E-S,D,E,S
734,subj.31,preference_test,14,3,Sausage_first,E-S-D,E,S,D
735,subj.31,preference_test,15,3,Sausage_first,E-D-S,E,D,S
736,subj.31,preference_test,16,3,Dry_food_first,D-S-E,D,S,E
737,subj.31,preference_test,17,3,Dry_food_first,S-E-D,S,E,D
738,subj.31,preference_test,18,3,Sausage_first,S-D-E,S,D,E
739,subj.31,preference_test,19,4,Sausage_first,D-S-E,D,S,E
740,subj.31,preference_test,20,4,Dry_food_first,S-D-E,S,D,E
741,subj.31,preference_test,21,4,Dry_food_first,E-S-D,E,S,D
742,subj.31,preference_test,22,4,Sausage_first,D-E-S,D,E,S
743,subj.31,preference_test,23,4,Dry_food_first,S-E-D,S,E,D
744,subj.31,preference_test,24,4,Sausage_first,E-D-S,E,D,S
745,subj.32,preference_test,1,1,Dry_food_first,D-E-S,D,E,S
746,subj.32,preference_test,2,1,Sausage_first,E-S-D,E,S,D
747,subj.32,preference_test,3,1,Sausage_first,E-D-S,E,D,S
748,subj.32,preference_test,4,1,Dry_food_first,S-E-D,S,E,D
749,subj.32,preference_test,5,1,Dry_food_first,D-S-E,D,S,E
750,subj.32,preference_test,6,1,Sausage_first,S-D-E,S,D,E
751,subj.32,preference_test,7,2,Sausage_first,D-S-E,D,S,E
752,subj.32,preference_test,8,2,Dry_food_first,S-D-E,S,D,E
753,subj.32,preference_test,9,2,Sausage_first,D-E-S,D,E,S
754,subj.32,preference_test,10,2,Dry_food_first,E-S-D,E,S,D
755,subj.32,preference_test,11,2,Dry_food_first,S-E-D,S,E,D
756,subj.32,preference_test,12,2,Sausage_first,E-D-S,E,D,S
757,subj.32,preference_test,13,3,Dry_food_first,E-D-S,E,D,S
758,subj.32,preference_test,14,3,Sausage_first,E-S-D,E,S,D
759,subj.32,preference_test,15,3,Dry_food_first,D-E-S,D,E,S
760,subj.32,preference_test,16,3,Sausage_first,S-E-D,S,E,D
761,subj.32,preference_test,17,3,Dry_food_first,S-D-E,S,D,E
762,subj.32,preference_test,18,3,Sausage_first,D-S-E,D,S,E
763,subj.32,preference_test,19,4,Dry_food_first,S-D-E,S,D,E
764,subj.32,preference_test,20,4,Sausage_first,E-D-S,E,D,S
765,subj.32,preference_test,21,4,Sausage_first,D-S-E,D,S,E
766,subj.32,preference_test,22,4,Dry_food_first,E-S-D,E,S,D
767,subj.32,preference_test,23,4,Sausage_first,D-E-S,D,E,S
768,subj.32,preference_test,24,4,Dry_food_first,S-E-D,S,E,D
769,subj.33,preference_test,1,1,Dry_food_first,S-D-E,S,D,E
770,subj.33,preference_test,2,1,Sausage_first,D-S-E,D,S,E
771,subj.33,preference_test,3,1,Sausage_first,S-E-D,S,E,D
772,subj.33,preference_test,4,1,Dry_food_first,D-E-S,D,E,S
773,subj.33,preference_test,5,1,Sausage_first,E-S-D,E,S,D
774,subj.33,preference_test,6,1,Dry_food_first,E-D-S,E,D,S
775,subj.33,preference_test,7,2,Sausage_first,S-E-D,S,E,D
776,subj.33,preference_test,8,2,Dry_food_first,D-S-E,D,S,E
777,subj.33,preference_test,9,2,Sausage_first,D-E-S,D,E,S
778,subj.33,preference_test,10,2,Dry_food_first,S-D-E,S,D,E
779,subj.33,preference_test,11,2,Dry_food_first,E-D-S,E,D,S
780,subj.33,preference_test,12,2,Sausage_first,E-S-D,E,S,D
781,subj.33,preference_test,13,3,Dry_food_first,E-D-S,E,D,S
782,subj.33,preference_test,14,3,Sausage_first,E-S-D,E,S,D
783,subj.33,preference_test,15,3,Dry_food_first,S-D-E,S,D,E
784,subj.33,preference_test,16,3,Sausage_first,S-E-D,S,E,D
785,subj.33,preference_test,17,3,Sausage_first,D-E-S,D,E,S
786,subj.33,preference_test,18,3,Dry_food_first,D-S-E,D,S,E
787,subj.33,preference_test,19,4,Sausage_first,D-E-S,D,E,S
788,subj.33,preference_test,20,4,Dry_food_first,S-D-E,S,D,E
789,subj.33,preference_test,21,4,Dry_food_first,S-E-D,S,E,D
790,subj.33,preference_test,22,4,Sausage_first,E-D-S,E,D,S
791,subj.33,preference_test,23,4,Dry_food_first,E-S-D,E,S,D
792,subj.33,preference_test,24,4,Sausage_first,D-S-E,D,S,E
793,subj.34,preference_test,1,1,Sausage_first,E-S-D,E,S,D
794,subj.34,preference_test,2,1,Dry_food_first,D-E-S,D,E,S
795,subj.34,preference_test,3,1,Sausage_first,S-E-D,S,E,D
796,subj.34,preference_test,4,1,Dry_food_first,E-D-S,E,D,S
797,subj.34,preference_test,5,1,Sausage_first,D-S-E,D,S,E
798,subj.34,preference_test,6,1,Dry_food_first,S-D-E,S,D,E
799,subj.34,preference_test,7,2,Dry_food_first,E-S-D,E,S,D
800,subj.34,preference_test,8,2,Sausage_first,S-D-E,S,D,E
801,subj.34,preference_test,9,2,Sausage_first,D-E-S,D,E,S
802,subj.34,preference_test,10,2,Dry_food_first,S-E-D,S,E,D
803,subj.34,preference_test,11,2,Sausage_first,D-S-E,D,S,E
804,subj.34,preference_test,12,2,Dry_food_first,E-D-S,E,D,S
805,subj.34,preference_test,13,3,Sausage_first,E-D-S,E,D,S
806,subj.34,preference_test,14,3,Dry_food_first,E-S-D,E,S,D
807,subj.34,preference_test,15,3,Sausage_first,S-D-E,S,D,E
808,subj.34,preference_test,16,3,Dry_food_first,S-E-D,S,E,D
809,subj.34,preference_test,17,3,Dry_food_first,D-S-E,D,S,E
810,subj.34,preference_test,18,3,Sausage_first,D-E-S,D,E,S
811,subj.34,preference_test,19,4,Sausage_first,E-S-D,E,S,D
812,subj.34,preference_test,20,4,Dry_food_first,D-S-E,D,S,E
813,subj.34,preference_test,21,4,Dry_food_first,D-E-S,D,E,S
814,subj.34,preference_test,22,4,Sausage_first,S-D-E,S,D,E
815,subj.34,preference_test,23,4,Dry_food_first,S-E-D,S,E,D
816,subj.34,preference_test,24,4,Sausage_first,E-D-S,E,D,S
817,subj.35,preference_test,1,1,Sausage_first,E-S-D,E,S,D
818,subj.35,preference_test,2,1,Dry_food_first,D-S-E,D,S,E
819,subj.35,preference_test,3,1,Dry_food_first,E-D-S,E,D,S
820,subj.35,preference_test,4,1,Sausage_first,S-D-E,S,D,E
821,subj.35,preference_test,5,1,Dry_food_first,D-E-S,D,E,S
822,subj.35,preference_test,6,1,Sausage_first,S-E-D,S,E,D
823,subj.35,preference_test,7,2,Sausage_first,E-S-D,E,S,D
824,subj.35,preference_test,8,2,Dry_food_first,D-S-E,D,S,E
825,subj.35,preference_test,9,2,Dry_food_first,S-D-E,S,D,E
826,subj.35,preference_test,10,2,Sausage_first,E-D-S,E,D,S
827,subj.35,preference_test,11,2,Dry_food_first,S-E-D,S,E,D
828,subj.35,preference_test,12,2,Sausage_first,D-E-S,D,E,S
829,subj.35,preference_test,13,3,Dry_food_first,D-S-E,D,S,E
830,subj.35,preference_test,14,3,Sausage_first,D-E-S,D,E,S
831,subj.35,preference_test,15,3,Sausage_first,E-S-D,E,S,D
832,subj.35,preference_test,16,3,Dry_food_first,E-D-S,E,D,S
833,subj.35,preference_test,17,3,Dry_food_first,S-D-E,S,D,E
834,subj.35,preference_test,18,3,Sausage_first,S-E-D,S,E,D
835,subj.35,preference_test,19,4,Dry_food_first,D-S-E,D,S,E
836,subj.35,preference_test,20,4,Sausage_first,E-S-D,E,S,D
837,subj.35,preference_test,21,4,Dry_food_first,S-E-D,S,E,D
838,subj.35,preference_test,22,4,Sausage_first,S-D-E,S,D,E
839,subj.35,preference_test,23,4,Sausage_first,D-E-S,D,E,S
840,subj.35,preference_test,24,4,Dry_food_first,E-D-S,E,D,S
841,subj.36,preference_test,1,1,Sausage_first,S-E-D,S,E,D
842,subj.36,preference_test,2,1,Dry_food_first,E-D-S,E,D,S
843,subj.36,preference_test,3,1,Dry_food_first,E-S-D,E,S,D
844,subj.36,preference_test,4,1,Sausage_first,D-S-E,D,S,E
845,subj.36,preference_test,5,1,Sausage_first,D-E-S,D,E,S
846,subj.36,preference_test,6,1,Dry_food_first,S-D-E,S,D,E
847,subj.36,preference_test,7,2,Sausage_first,S-E-D,S,E,D
848,subj.36,preference_test,8,2,Dry_food_first,E-S-D,E,S,D
849,subj.36,preference_test,9,2,Dry_food_first,E-D-S,E,D,S
850,subj.36,preference_test,10,2,Sausage_first,D-S-E,D,S,E
851,subj.36,preference_test,11,2,Dry_food_first,D-E-S,D,E,S
852,subj.36,preference_test,12,2,Sausage_first,S-D-E,S,D,E
853,subj.36,preference_test,13,3,Dry_food_first,E-S-D,E,S,D
854,subj.36,preference_test,14,3,Sausage_first,S-E-D,S,E,D
855,subj.36,preference_test,15,3,Dry_food_first,S-D-E,S,D,E
856,subj.36,preference_test,16,3,Sausage_first,D-E-S,D,E,S
857,subj.36,preference_test,17,3,Dry_food_first,E-D-S,E,D,S
858,subj.36,preference_test,18,3,Sausage_first,D-S-E,D,S,E
859,subj.36,preference_test,19,4,Sausage_first,S-D-E,S,D,E
860,subj.36,preference_test,20,4,Dry_food_first,E-S-D,E,S,D
861,subj.36,preference_test,21,4,Sausage_first,S-E-D,S,E,D
862,subj.36,preference_test,22,4,Dry_food_first,D-E-S,D,E,S
863,subj.36,preference_test,23,4,Sausage_first,D-S-E,D,S,E
864,subj.36,preference_test,24,4,Dry_food_first,E-D-S,E,D,S
865,subj.37,preference_test,1,1,Dry_food_first,S-D-E,S,D,E
866,subj.37,preference_test,2,1,Sausage_first,E-D-S,E,D,S
867,subj.37,preference_test,3,1,Sausage_first,D-E-S,D,E,S
868,subj.37,preference_test,4,1,Dry_food_first,S-E-D,S,E,D
869,subj.37,preference_test,5,1,Dry_food_first,E-S-D,E,S,D
870,subj.37,preference_test,6,1,Sausage_first,D-S-E,D,S,E
871,subj.37,preference_test,7,2,Sausage_first,S-E-D,S,E,D
872,subj.37,preference_test,8,2,Dry_food_first,E-S-D,E,S,D
873,subj.37,preference_test,9,2,Sausage_first,D-S-E,D,S,E
874,subj.37,preference_test,10,2,Dry_food_first,D-E-S,D,E,S
875,subj.37,preference_test,11,2,Dry_food_first,E-D-S,E,D,S
876,subj.37,preference_test,12,2,Sausage_first,S-D-E,S,D,E
877,subj.37,preference_test,13,3,Sausage_first,E-S-D,E,S,D
878,subj.37,preference_test,14,3,Dry_food_first,S-E-D,S,E,D
879,subj.37,preference_test,15,3,Sausage_first,D-E-S,D,E,S
880,subj.37,preference_test,16,3,Dry_food_first,S-D-E,S,D,E
881,subj.37,preference_test,17,3,Dry_food_first,D-S-E,D,S,E
882,subj.37,preference_test,18,3,Sausage_first,E-D-S,E,D,S
883,subj.37,preference_test,19,4,Dry_food_first,S-E-D,S,E,D
884,subj.37,preference_test,20,4,Sausage_first,S-D-E,S,D,E
885,subj.37,preference_test,21,4,Dry_food_first,E-D-S,E,D,S
886,subj.37,preference_test,22,4,Sausage_first,E-S-D,E,S,D
887,subj.37,preference_test,23,4,Dry_food_first,D-S-E,D,S,E
888,subj.37,preference_test,24,4,Sausage_first,D-E-S,D,E,S
889,subj.38,preference_test,1,1,Sausage_first,D-S-E,D,S,E
890,subj.38,preference_test,2,1,Dry_food_first,S-D-E,S,D,E
891,subj.38,preference_test,3,1,Dry_food_first,S-E-D,S,E,D
892,subj.38,preference_test,4,1,Sausage_first,D-E-S,D,E,S
893,subj.38,preference_test,5,1,Dry_food_first,E-D-S,E,D,S
894,subj.38,preference_test,6,1,Sausage_first,E-S-D,E,S,D
895,subj.38,preference_test,7,2,Sausage_first,D-E-S,D,E,S
896,subj.38,preference_test,8,2,Dry_food_first,E-D-S,E,D,S
897,subj.38,preference_test,9,2,Sausage_first,S-E-D,S,E,D
898,subj.38,preference_test,10,2,Dry_food_first,E-S-D,E,S,D
899,subj.38,preference_test,11,2,Sausage_first,D-S-E,D,S,E
900,subj.38,preference_test,12,2,Dry_food_first,S-D-E,S,D,E
901,subj.38,preference_test,13,3,Dry_food_first,D-S-E,D,S,E
902,subj.38,preference_test,14,3,Sausage_first,E-S-D,E,S,D
903,subj.38,preference_test,15,3,Dry_food_first,S-D-E,S,D,E
904,subj.38,preference_test,16,3,Sausage_first,D-E-S,D,E,S
905,subj.38,preference_test,17,3,Sausage_first,S-E-D,S,E,D
906,subj.38,preference_test,18,3,Dry_food_first,E-D-S,E,D,S
907,subj.38,preference_test,19,4,Dry_food_first,E-D-S,E,D,S
908,subj.38,preference_test,20,4,Sausage_first,S-D-E,S,D,E
909,subj.38,preference_test,21,4,Dry_food_first,E-S-D,E,S,D
910,subj.38,preference_test,22,4,Sausage_first,D-S-E,D,S,E
911,subj.38,preference_test,23,4,Sausage_first,S-E-D,S,E,D
912,subj.38,preference_test,24,4,Dry_food_first,D-E-S,D,E,S
913,subj.39,preference_test,1,1,Sausage_first,E-D-S,E,D,S
914,subj.39,preference_test,2,1,Dry_food_first,S-E-D,S,E,D
915,subj.39,preference_test,3,1,Dry_food_first,E-S-D,E,S,D
916,subj.39,preference_test,4,1,Sausage_first,S-D-E,S,D,E
917,subj.39,preference_test,5,1,Sausage_first,D-S-E,D,S,E
918,subj.39,preference_test,6,1,Dry_food_first,D-E-S,D,E,S
919,subj.39,preference_test,7,2,Dry_food_first,S-E-D,S,E,D
920,subj.39,preference_test,8,2,Sausage_first,E-S-D,E,S,D
921,subj.39,preference_test,9,2,Sausage_first,D-S-E,D,S,E
922,subj.39,preference_test,10,2,Dry_food_first,D-E-S,D,E,S
923,subj.39,preference_test,11,2,Dry_food_first,S-D-E,S,D,E
924,subj.39,preference_test,12,2,Sausage_first,E-D-S,E,D,S
925,subj.39,preference_test,13,3,Sausage_first,D-E-S,D,E,S
926,subj.39,preference_test,14,3,Dry_food_first,S-E-D,S,E,D
927,subj.39,preference_test,15,3,Dry_food_first,E-S-D,E,S,D
928,subj.39,preference_test,16,3,Sausage_first,S-D-E,S,D,E
929,subj.39,preference_test,17,3,Dry_food_first,D-S-E,D,S,E
930,subj.39,preference_test,18,3,Sausage_first,E-D-S,E,D,S
931,subj.39,preference_test,19,4,Dry_food_first,S-D-E,S,D,E
932,subj.39,preference_test,20,4,Sausage_first,D-E-S,D,E,S
933,subj.39,preference_test,21,4,Sausage_first,E-S-D,E,S,D
934,subj.39,preference_test,22,4,Dry_food_first,E-D-S,E,D,S
935,subj.39,preference_test,23,4,Dry_food_first,D-S-E,D,S,E
936,subj.39,preference_test,24,4,Sausage_first,S-E-D,S,E,D
937,subj.40,preference_test,1,1,Sausage_first,E-S-D,E,S,D
938,subj.40,preference_test,2,1,Dry_food_first,D-S-E,D,S,E
939,subj.40,preference_test,3,1,Sausage_first,S-D-E,S,D,E
940,subj.40,preference_test,4,1,Dry_food_first,S-E-D,S,E,D
941,subj.40,preference_test,5,1,Sausage_first,E-D-S,E,D,S
942,subj.40,preference_test,6,1,Dry_food_first,D-E-S,D,E,S
943,subj.40,preference_test,7,2,Sausage_first,S-D-E,S,D,E
944,subj.40,preference_test,8,2,Dry_food_first,S-E-D,S,E,D
945,subj.40,preference_test,9,2,Dry_food_first,D-S-E,D,S,E
946,subj.40,preference_test,10,2,Sausage_first,E-S-D,E,S,D
947,subj.40,preference_test,11,2,Dry_food_first,E-D-S,E,D,S
948,subj.40,preference_test,12,2,Sausage_first,D-E-S,D,E,S
949,subj.40,preference_test,13,3,Sausage_first,E-S-D,E,S,D
950,subj.40,preference_test,14,3,Dry_food_first,D-S-E,D,S,E
951,subj.40,preference_test,15,3,Dry_food_first,S-E-D,S,E,D
952,subj.40,preference_test,16,3,Sausage_first,E-D-S,E,D,S
953,subj.40,preference_test,17,3,Sausage_first,D-E-S,D,E,S
954,subj.40,preference_test,18,3,Dry_food_first,S-D-E,S,D,E
955,subj.40,preference_test,19,4,Dry_food_first,D-S-E,D,S,E
956,subj.40,preference_test,20,4,Sausage_first,E-D-S,E,D,S
957,subj.40,preference_test,21,4,Dry_food_first,D-E-S,D,E,S
958,subj.40,preference_test,22,4,Sausage_first,E-S-D,E,S,D
959,subj.40,preference_test,23,4,Dry_food_first,S-D-E,S,D,E
960,subj.40,preference_test,24,4,Sausage_first,S-E-D,S,E,D
